{"cameraMode":{"drawMode":0,"name":"Shaded","section":"Shading Mode"},"sceneLighting":false,"audioPlay":false,"sceneViewState":{"showFog":true,"showMaterialUpdate":false,"showSkybox":true,"showFlares":true,"showImageEffects":true,"showParticleSystems":true},"in2DMode":false,"pivot":{"x":1.350000023841858,"y":1.4000000953674317,"z":11.949999809265137},"rotation":{"x":-0.20767584443092347,"y":-0.6104926466941834,"z":0.17015047371387483,"w":-0.7451297044754028},"size":6.803123950958252,"orthographic":false}